[{"id":"user-image-1.svg","publicUrl":"np://user.desktop.nicepage.com/Site_249801658/images/1.svg","size":6343,"hash":"tYV+Qo4ZKryfT9mENdnWEd9ph2M=","fileName":"1.svg","name":"1","width":2500,"height":752,"thumbnail":{"url":"np://user.desktop.nicepage.com/Site_249801658/images/1.svg","width":250,"height":75},"originalUrl":"//images01.nicepagecdn.com/c461c07a441a5d220e8feb1a/5ec8b52fcf09516295c018eb/1.svg","usages":["995125995"]},{"id":"user-image-logo-amazon.svg","publicUrl":"np://user.desktop.nicepage.com/Site_249801658/images/logo-amazon.svg","size":5016,"hash":"+m2eS2RvVL6Q/p0RrDoZIg0E6hM=","fileName":"logo-amazon.svg","name":"logo-amazon","width":2500,"height":752,"thumbnail":{"url":"np://user.desktop.nicepage.com/Site_249801658/images/logo-amazon.svg","width":250,"height":75},"originalUrl":"//images01.nicepagecdn.com/c461c07a441a5d220e8feb1a/8164ad3ec7d75a9a81a12288/logo-amazon.svg","usages":["995125995"]},{"id":"user-image-evga.svg","publicUrl":"np://user.desktop.nicepage.com/Site_249801658/images/evga.svg","size":2699,"hash":"lOzuRGUOeAuo5UBSLlm99TS0/+0=","fileName":"evga.svg","name":"evga","width":2500,"height":523,"thumbnail":{"url":"np://user.desktop.nicepage.com/Site_249801658/images/evga.svg","width":250,"height":52},"originalUrl":"//images01.nicepagecdn.com/c461c07a441a5d220e8feb1a/a33a46c929de5630ba07635e/evga.svg","usages":["995125995"]},{"id":"user-image-tesla-9.svg","publicUrl":"np://user.desktop.nicepage.com/Site_249801658/images/tesla-9.svg","size":1198,"hash":"11Dz0VDc42XRaIKKOJVzlf2R+9M=","fileName":"tesla-9.svg","name":"tesla-9","width":2500,"height":326,"thumbnail":{"url":"np://user.desktop.nicepage.com/Site_249801658/images/tesla-9.svg","width":250,"height":33},"originalUrl":"//images01.nicepagecdn.com/c461c07a441a5d220e8feb1a/75b9a80337b65bc28863c8aa/tesla-9.svg","usages":["995125995"]},{"id":"user-image-ddd.png","publicUrl":"np://user.desktop.nicepage.com/Site_249801658/images/ddd.png","size":685696,"hash":"rv4CEJ6RXuPhUGEHK3Ri4fhjLN8=","fileName":"ddd.png","name":"ddd","width":1000,"height":1077,"thumbnail":{"url":"np://user.desktop.nicepage.com/Site_249801658/images/thumbnails/ddd.png","width":232,"height":250},"originalUrl":"//images01.nicepagecdn.com/c461c07a441a5d220e8feb1a/8aa35d5fa1dc533683b228e5/ddd.png","usages":["262780416"]},{"id":"user-image-3468825.png","publicUrl":"np://user.desktop.nicepage.com/Site_249801658/images/3468825.png","size":3261,"hash":"koyTk4J0TlH4gzFHw3mi7Pqo46g=","fileName":"3468825.png","name":"3468825","width":128,"height":128,"thumbnail":{"url":"np://user.desktop.nicepage.com/Site_249801658/images/thumbnails/3468825.png","width":128,"height":128,"length":3261,"type":"png"},"usages":["573209349"]},{"id":"user-image-2104994.png","publicUrl":"np://user.desktop.nicepage.com/Site_249801658/images/2104994.png","size":4346,"hash":"KejbX1OlCdV0dY8woJJS9yvUqNk=","fileName":"2104994.png","name":"2104994","width":128,"height":128,"thumbnail":{"url":"np://user.desktop.nicepage.com/Site_249801658/images/thumbnails/2104994.png","width":128,"height":128,"length":4346,"type":"png"},"usages":["995125995"]},{"id":"user-image-5060957.png","publicUrl":"np://user.desktop.nicepage.com/Site_249801658/images/5060957.png","size":2372,"hash":"UJSEcRLarKVotLsJJU3vrO4T0Sc=","fileName":"5060957.png","name":"5060957","width":128,"height":128,"thumbnail":{"url":"np://user.desktop.nicepage.com/Site_249801658/images/thumbnails/5060957.png","width":128,"height":128,"length":2372,"type":"png"},"usages":["995125995"]},{"id":"user-image-3655350.png","publicUrl":"np://user.desktop.nicepage.com/Site_249801658/images/3655350.png","size":4931,"hash":"QlYyFJBR1BZ9g/agbMbSka37TY8=","fileName":"3655350.png","name":"3655350","width":128,"height":128,"thumbnail":{"url":"np://user.desktop.nicepage.com/Site_249801658/images/thumbnails/3655350.png","width":128,"height":128,"length":4931,"type":"png"},"usages":["995125995"]},{"id":"user-image-WhatsApp_Image_2023-01-24_at_21.31.02-removebg-preview1.png","publicUrl":"np://user.desktop.nicepage.com/Site_249801658/images/WhatsApp_Image_2023-01-24_at_21.31.02-removebg-preview1.png","size":43340,"hash":"GqH7MPooKf1GGvIFOmlW4h3Ht6U=","fileName":"WhatsApp_Image_2023-01-24_at_21.31.02-removebg-preview1.png","name":"WhatsApp_Image_2023-01-24_at_21.31.02-removebg-preview1","width":681,"height":366,"thumbnail":{"url":"np://user.desktop.nicepage.com/Site_249801658/images/thumbnails/WhatsApp_Image_2023-01-24_at_21.31.02-removebg-preview1.png","width":250,"height":134},"usages":[]},{"id":"user-image-1412401.png","publicUrl":"np://user.desktop.nicepage.com/Site_249801658/images/1412401.png","size":2466,"hash":"NND9zXd6WXkG+xJYY8jYK0uY9wk=","fileName":"1412401.png","name":"1412401","width":128,"height":128,"thumbnail":{"url":"np://user.desktop.nicepage.com/Site_249801658/images/thumbnails/1412401.png","width":128,"height":128,"length":2466,"type":"png"},"usages":["995125995"]},{"id":"user-image-pngaaa.com-4684395.png","publicUrl":"np://user.desktop.nicepage.com/Site_249801658/images/pngaaa.com-4684395.png","size":305152,"hash":"k/QgK/M11U/N86daTPxKHSvzbqI=","fileName":"pngaaa.com-4684395.png","name":"pngaaa.com-4684395","width":510,"height":419,"thumbnail":{"url":"np://user.desktop.nicepage.com/Site_249801658/images/thumbnails/pngaaa.com-4684395.png","width":250,"height":205},"usages":["995125995"]},{"id":"user-image-rrer.jpg","publicUrl":"np://user.desktop.nicepage.com/Site_249801658/images/rrer.jpg","size":109210,"hash":"Vg9Q+ggORLbOkQeMlB1wXOfpfMI=","fileName":"rrer.jpg","name":"rrer","width":1350,"height":900,"thumbnail":{"url":"np://user.desktop.nicepage.com/Site_249801658/images/thumbnails/rrer.jpg","width":250,"height":167},"originalUrl":"//images01.nicepagecdn.com/c461c07a441a5d220e8feb1a/ab5bd62ecc8f5744aa271798/rrer.jpg","usages":["40328218"]},{"id":"user-image-bv-min.jpg","publicUrl":"np://user.desktop.nicepage.com/Site_249801658/images/bv-min.jpg","size":153561,"hash":"PzvHK44asR5QgRetX9L7cN703Rc=","fileName":"bv-min.jpg","name":"bv-min","width":1618,"height":1080,"thumbnail":{"url":"np://user.desktop.nicepage.com/Site_249801658/images/thumbnails/bv-min.jpg","width":250,"height":167},"originalUrl":"//images01.nicepagecdn.com/c461c07a441a5d220e8feb1a/247e27cba6555c13a461d1ff/bv-min.jpg","usages":["40328218"]},{"id":"user-image-jh.jpg","publicUrl":"np://user.desktop.nicepage.com/Site_249801658/images/jh.jpg","size":286682,"hash":"74imnWYIjnxpbBiOMkstl0WPSLk=","fileName":"jh.jpg","name":"jh","width":1000,"height":978,"thumbnail":{"url":"np://user.desktop.nicepage.com/Site_249801658/images/thumbnails/jh.jpg","width":250,"height":245},"originalUrl":"//images01.nicepagecdn.com/c461c07a441a5d220e8feb1a/52cda560184550558a841a77/jh.jpg","usages":["40328218"]},{"id":"user-image-jhj.jpg","publicUrl":"np://user.desktop.nicepage.com/Site_249801658/images/jhj.jpg","size":154901,"hash":"HKL0IBxXZSvP/V9YGkAkZBqngr0=","fileName":"jhj.jpg","name":"jhj","width":909,"height":909,"thumbnail":{"url":"np://user.desktop.nicepage.com/Site_249801658/images/thumbnails/jhj.jpg","width":250,"height":250},"originalUrl":"//images01.nicepagecdn.com/c461c07a441a5d220e8feb1a/4e1ea23e5925555eaa281273/jhj.jpg","usages":["40328218"]},{"id":"user-image-nb-min.jpg","publicUrl":"np://user.desktop.nicepage.com/Site_249801658/images/nb-min.jpg","size":123137,"hash":"JS4c2Yv7o0S9W9BlV/zhyE627Xo=","fileName":"nb-min.jpg","name":"nb-min","width":1619,"height":1080,"thumbnail":{"url":"np://user.desktop.nicepage.com/Site_249801658/images/thumbnails/nb-min.jpg","width":250,"height":167},"originalUrl":"//images01.nicepagecdn.com/c461c07a441a5d220e8feb1a/7a171ec396dd5ad9a090045b/nb-min.jpg","usages":["40328218"]},{"id":"user-image-339787-PA78UM-735-min.jpg","publicUrl":"np://user.desktop.nicepage.com/Site_249801658/images/339787-PA78UM-735-min.jpg","size":151741,"hash":"ZGJ883SlQpUBVQttnqkzmKlA/Lc=","fileName":"339787-PA78UM-735-min.jpg","name":"339787-PA78UM-735-min","width":1600,"height":1067,"thumbnail":{"url":"np://user.desktop.nicepage.com/Site_249801658/images/thumbnails/339787-PA78UM-735-min.jpg","width":250,"height":167},"originalUrl":"//images02.nicepagecdn.com/c461c07a441a5d220e8feb1a/7835321d74235b6d9c874e23/339787-PA78UM-735-min.jpg","usages":["40328218"]},{"id":"user-image-42e56969e67c21acac6f3527289e039011167f1236d7e122577146280027f3e8e2d6b2714d3e20a8db30caef88971b94411b5cde03698ab17555a2_1280.jpg","publicUrl":"np://user.desktop.nicepage.com/Site_249801658/images/42e56969e67c21acac6f3527289e039011167f1236d7e122577146280027f3e8e2d6b2714d3e20a8db30caef88971b94411b5cde03698ab17555a2_1280.jpg","size":483720,"hash":"rZpCNZoIIca5Gxkh+R3ULa1PwVI=","fileName":"42e56969e67c21acac6f3527289e039011167f1236d7e122577146280027f3e8e2d6b2714d3e20a8db30caef88971b94411b5cde03698ab17555a2_1280.jpg","name":"42e56969e67c21acac6f3527289e039011167f1236d7e122577146280027f3e8e2d6b2714d3e20a8db30caef88971b94411b5cde03698ab17555a2_1280","width":1280,"height":851,"thumbnail":{"url":"np://user.desktop.nicepage.com/Site_249801658/images/thumbnails/42e56969e67c21acac6f3527289e039011167f1236d7e122577146280027f3e8e2d6b2714d3e20a8db30caef88971b94411b5cde03698ab17555a2_1280.jpg","width":250,"height":166},"usages":["40328218"]},{"id":"user-image-546394.png","publicUrl":"np://user.desktop.nicepage.com/Site_249801658/images/546394.png","size":1794,"hash":"NRxVuhdJ3ZaRjXiyFm83tTE5Xwo=","fileName":"546394.png","name":"546394","width":128,"height":128,"thumbnail":{"url":"np://user.desktop.nicepage.com/Site_249801658/images/thumbnails/546394.png","width":128,"height":128,"length":1794,"type":"png"},"usages":["40328218"]},{"id":"user-image-ManTalkingInMeeting-2.jpg","publicUrl":"np://user.desktop.nicepage.com/Site_249801658/images/ManTalkingInMeeting-2.jpg","size":147894,"hash":"1ui6iUkxTgO9jLoixS91iR+usz4=","fileName":"ManTalkingInMeeting-2.jpg","name":"ManTalkingInMeeting-2","width":1200,"height":775,"thumbnail":{"url":"np://user.desktop.nicepage.com/Site_249801658/images/thumbnails/ManTalkingInMeeting-2.jpg","width":250,"height":161},"usages":["573209349"]},{"id":"user-image-0x0.jpg","publicUrl":"np://user.desktop.nicepage.com/Site_249801658/images/0x0.jpg","size":88003,"hash":"l4vj6Td8wTI18EgtT8Ww/UmuV8s=","fileName":"0x0.jpg","name":"0x0","width":1200,"height":800,"thumbnail":{"url":"np://user.desktop.nicepage.com/Site_249801658/images/thumbnails/0x0.jpg","width":250,"height":167},"usages":["995125995"]},{"id":"user-image-534896333-56a832293df78cf7729cf471.jpg","publicUrl":"np://user.desktop.nicepage.com/Site_249801658/images/534896333-56a832293df78cf7729cf471.jpg","size":120342,"hash":"xbbdCJptie1UoyOBN2epG1rf3sU=","fileName":"534896333-56a832293df78cf7729cf471.jpg","name":"534896333-56a832293df78cf7729cf471","width":1500,"height":1000,"thumbnail":{"url":"np://user.desktop.nicepage.com/Site_249801658/images/thumbnails/534896333-56a832293df78cf7729cf471.jpg","width":250,"height":167},"usages":["995125995"]},{"id":"user-image-workman-in-safety-vest-writing-on-clipboard-near-switchboard-2GFY735.jpg","publicUrl":"np://user.desktop.nicepage.com/Site_249801658/images/workman-in-safety-vest-writing-on-clipboard-near-switchboard-2GFY735.jpg","size":78886,"hash":"yLz5yvHZRYRMHGte6CB6DyXjTG4=","fileName":"workman-in-safety-vest-writing-on-clipboard-near-switchboard-2GFY735.jpg","name":"workman-in-safety-vest-writing-on-clipboard-near-switchboard-2GFY735","width":867,"height":1390,"thumbnail":{"url":"np://user.desktop.nicepage.com/Site_249801658/images/thumbnails/workman-in-safety-vest-writing-on-clipboard-near-switchboard-2GFY735.jpg","width":156,"height":250},"usages":["40328218"]},{"id":"user-image-ww.jpg","publicUrl":"np://user.desktop.nicepage.com/Site_249801658/images/ww.jpg","size":26494,"hash":"LP1m0xdG9Nx4VlJg0qdnXdUlHAo=","fileName":"ww.jpg","name":"ww","width":1980,"height":1080,"thumbnail":{"url":"np://user.desktop.nicepage.com/Site_249801658/images/thumbnails/ww.jpg","width":250,"height":136},"originalUrl":"//images03.nicepage.com/c461c07a441a5d220e8feb1a/3d897337dc365d319501cff2/ww.jpg","usages":["573209349"]},{"id":"user-image-man-min.jpg","publicUrl":"np://user.desktop.nicepage.com/Site_249801658/images/man-min.jpg","size":90289,"hash":"azbeEtMJCeaAqXmK+vB1Fmm1HWs=","fileName":"man-min.jpg","name":"man-min","width":1000,"height":962,"thumbnail":{"url":"np://user.desktop.nicepage.com/Site_249801658/images/thumbnails/man-min.jpg","width":250,"height":241},"originalUrl":"//images03.nicepage.com/c461c07a441a5d220e8feb1a/7456329f850c58c0bc7780db/man-min.jpg","usages":["573209349"]},{"id":"user-image-jj.jpg","publicUrl":"np://user.desktop.nicepage.com/Site_249801658/images/jj.jpg","size":120880,"hash":"uG+1hTdkiX29lwTRHJrHyzVuvPg=","fileName":"jj.jpg","name":"jj","width":900,"height":900,"thumbnail":{"url":"np://user.desktop.nicepage.com/Site_249801658/images/thumbnails/jj.jpg","width":250,"height":250},"originalUrl":"//images01.nicepage.com/c461c07a441a5d220e8feb1a/1a195103cd0c5d3694846c4e/jj.jpg","usages":["573209349"]},{"id":"user-image-wqe-min.jpg","publicUrl":"np://user.desktop.nicepage.com/Site_249801658/images/wqe-min.jpg","size":94913,"hash":"qYfEaaoBZQnfq1tcRFAIk9NyCd4=","fileName":"wqe-min.jpg","name":"wqe-min","width":800,"height":948,"thumbnail":{"url":"np://user.desktop.nicepage.com/Site_249801658/images/thumbnails/wqe-min.jpg","width":211,"height":250},"originalUrl":"//images03.nicepage.com/c461c07a441a5d220e8feb1a/ae30a308cbe35550a1ff83d9/wqe-min.jpg","usages":["573209349"]},{"id":"user-image-826118.png","publicUrl":"np://user.desktop.nicepage.com/Site_249801658/images/826118.png","size":3682,"hash":"RovOwQtohZHCWxFWFB3ONiKtRgM=","fileName":"826118.png","name":"826118","width":128,"height":128,"thumbnail":{"url":"np://user.desktop.nicepage.com/Site_249801658/images/thumbnails/826118.png","width":128,"height":128,"length":3682,"type":"png"},"usages":["573209349"]},{"id":"user-image-9097267.png","publicUrl":"np://user.desktop.nicepage.com/Site_249801658/images/9097267.png","size":5377,"hash":"A0gFWn61TpcdSAAFrC7kdIJDjhM=","fileName":"9097267.png","name":"9097267","width":128,"height":128,"thumbnail":{"url":"np://user.desktop.nicepage.com/Site_249801658/images/thumbnails/9097267.png","width":128,"height":128,"length":5377,"type":"png"},"usages":["573209349"]},{"id":"user-image-4534753.png","publicUrl":"np://user.desktop.nicepage.com/Site_249801658/images/4534753.png","size":4135,"hash":"GbdqU6RFdkvPulONRwIOk/ZU0fs=","fileName":"4534753.png","name":"4534753","width":128,"height":128,"thumbnail":{"url":"np://user.desktop.nicepage.com/Site_249801658/images/thumbnails/4534753.png","width":128,"height":128,"length":4135,"type":"png"},"usages":["573209349"]},{"id":"user-image-businessman_iStock-1129342452.jpg","publicUrl":"np://user.desktop.nicepage.com/Site_249801658/images/businessman_iStock-1129342452.jpg","size":566046,"hash":"f70puxqiGAVkACucQ/N/LEq9YTk=","fileName":"businessman_iStock-1129342452.jpg","name":"businessman_iStock-1129342452","width":1254,"height":837,"thumbnail":{"url":"np://user.desktop.nicepage.com/Site_249801658/images/thumbnails/businessman_iStock-1129342452.jpg","width":250,"height":167},"usages":["573209349"]}]